img_id,rle_mask
0,75614 2 76126 2 76634 10 77146 10 77658 12 78170 12 78680 16 79192 16 79704 16 80216 16 80728 16 81240 16 81752 16 82264 16 82776 16 83288 16 83798 18 84310 18 84822 18 85334 18 85846 18 86358 18 86870 18 87382 18 87894 18 88406 18 88918 18 89430 18 89944 16 90456 16 90968 16 91480 16 91990 18 92502 18 93014 18 93526 18 94038 18 94550 18 95062 20 95574 20 96086 20 96598 20 97110 20 97622 20 98134 20 98646 20 99158 20 99670 20 100182 20 100694 20 101206 20 101718 20 102230 20 102742 20 103256 16 103768 16 104280 16 104792 16 105304 16 105816 16 106328 16 106840 16 107354 12 107866 12 108380 8 108892 8 109406 2 109918 2
1,93856 10 94368 10 94878 14 95390 14 95900 18 96412 18 96922 22 97434 22 97944 24 98456 24 98968 24 99480 24 99990 28 100502 28 101014 28 101526 28 102036 28 102548 28 103060 28 103572 28 104082 30 104594 30 105106 30 105618 30 106128 30 106640 30 107152 30 107664 30 108176 28 108688 28 109198 30 109710 30 110222 30 110734 30 111244 30 111756 30 112268 30 112780 30 113290 30 113802 30 114314 30 114826 30 115336 30 115848 30 116360 30 116872 30 117384 30 117896 30 118406 30 118918 30 119430 30 119942 30 120452 32 120964 32 121476 30 121988 30 122498 32 123010 32 123522 30 124034 30 124546 30 125058 30 125568 32 126080 32 126592 30 127104 30 127616 30 128128 30 128638 30 129150 30 129662 30 130174 30 130686 30 131198 30 131708 32 132220 32 132732 30 133244 30 133754 32 134266 32 134778 30 135290 30 135802 30 136314 30 136824 32 137336 32 137848 32 138360 32 138872 30 139384 30 139896 30 140408 30 140920 30 141432 30 141946 26 142458 26 142972 24 143484 24 143998 20 144510 20 145026 14 145538 14 146052 12 146564 12
2,52976 8 53488 8 53998 10 54510 10 55020 12 55532 12 56044 10 56556 10 57066 12 57578 12 58088 12 58600 12 59110 14 59622 14 60132 14 60644 14 61154 14 61666 14 62176 14 62688 14 63198 14 63710 14 64220 16 64732 16 65244 14 65756 14 66266 14 66778 14 67290 12 67802 12 68318 2 68830 2
3,24306 2 24818 2 25322 14 25834 14 26340 22 26852 22 27358 28 27870 28 28376 34 28888 34 29392 42 29904 42 30406 52 30918 52 31420 60 31932 60 32438 64 32950 64 33458 66 33970 66 34480 64 34992 64 35502 62 36014 62 36526 54 37038 54 37552 42 38064 42 38582 22 39094 22
4,159544 10 160056 10 160566 14 161078 14 161586 20 162098 20 162608 22 163120 22 163630 26 164142 26 164650 30 165162 30 165672 34 166184 34 166694 36 167206 36 167716 38 168228 38 168738 40 169250 40 169760 40 170272 40 170784 38 171296 38 171806 38 172318 38 172830 34 173342 34 173854 32 174366 32 174880 26 175392 26 175904 22 176416 22 176930 18 177442 18 177958 10 178470 10
5,
6,164594 28 165106 28 165612 50 166124 50 166634 62 167146 62 167654 80 168166 80 168678 90 169190 90 169700 94 170212 94 170724 98 171236 98 171746 100 172258 100 172770 100 173282 100 173794 104 174306 104 174818 104 175330 104 175844 102 176356 102 176870 100 177382 100 177896 98 178408 98 178922 96 179434 96 179954 86 180466 86 180996 64 181508 64 182032 52 182544 52 183066 38 183578 38 184100 26 184612 26
7,
8,63078 16 63590 16 64100 26 64612 26 65122 34 65634 34 66146 40 66658 40 67170 46 67682 46 68194 54 68706 54 69220 58 69732 58 70248 62 70760 62 71276 62 71788 62 72308 60 72820 60 73336 58 73848 58 74366 54 74878 54 75396 48 75908 48 76424 46 76936 46 77454 38 77966 38 78484 30 78996 30 79516 18 80028 18 80548 4 81060 4
9,133846 4 134358 4 134866 10 135378 10 135888 14 136400 14 136910 16 137422 16 137932 18 138444 18 138954 20 139466 20 139976 22 140488 22 141000 22 141512 22 142024 22 142536 22 143046 24 143558 24 144070 22 144582 22 145092 24 145604 24 146116 22 146628 22 147140 22 147652 22 148162 24 148674 24 149186 22 149698 22 150210 22 150722 22 151234 20 151746 20 152258 20 152770 20 153282 18 153794 18 154306 16 154818 16 155332 14 155844 14 156358 10 156870 10 157384 4 157896 4
10,
11,148384 6 148896 6 149406 12 149918 12 150430 14 150942 14 151452 18 151964 18 152476 18 152988 18 153500 20 154012 20 154524 20 155036 20 155548 22 156060 22 156572 22 157084 22 157598 22 158110 22 158622 22 159134 22 159646 22 160158 22 160672 22 161184 22 161696 22 162208 22 162720 24 163232 24 163746 22 164258 22 164770 22 165282 22 165794 22 166306 22 166818 22 167330 22 167844 22 168356 22 168868 22 169380 22 169892 22 170404 22 170918 20 171430 20 171942 22 172454 22 172966 22 173478 22 173990 24 174502 24 175016 22 175528 22 176040 22 176552 22 177064 24 177576 24 178090 22 178602 22 179114 24 179626 24 180140 22 180652 22 181164 24 181676 24 182190 22 182702 22 183214 24 183726 24 184238 24 184750 24 185264 22 185776 22 186288 24 186800 24 187314 22 187826 22 188338 22 188850 22 189362 22 189874 22 190388 22 190900 22 191412 22 191924 22 192436 22 192948 22 193462 20 193974 20 194486 20 194998 20 195512 16 196024 16 196538 14 197050 14 197564 10 198076 10 198592 2 199104 2
12,
13,77536 8 78048 8 78556 14 79068 14 79578 18 80090 18 80598 24 81110 24 81620 26 82132 26 82644 26 83156 26 83666 28 84178 28 84688 30 85200 30 85710 32 86222 32 86732 32 87244 32 87754 32 88266 32 88778 32 89290 32 89800 32 90312 32 90822 32 91334 32 91844 32 92356 32 92866 32 93378 32 93886 34 94398 34 94908 32 95420 32 95930 32 96442 32 96952 32 97464 32 97974 32 98486 32 98996 32 99508 32 100018 32 100530 32 101040 30 101552 30 102062 30 102574 30 103084 30 103596 30 104108 28 104620 28 105130 26 105642 26 106152 26 106664 26 107176 22 107688 22 108198 22 108710 22 109220 20 109732 20 110244 16 110756 16
14,80860 6 81372 6 81880 12 82392 12 82902 16 83414 16 83924 20 84436 20 84948 20 85460 20 85970 24 86482 24 86994 24 87506 24 88016 26 88528 26 89040 24 89552 24 90064 24 90576 24 91088 24 91600 24 92112 24 92624 24 93134 26 93646 26 94158 26 94670 26 95182 24 95694 24 96206 24 96718 24 97228 26 97740 26 98252 26 98764 26 99276 24 99788 24 100300 24 100812 24 101324 24 101836 24 102346 24 102858 24 103370 24 103882 24 104394 22 104906 22 105418 22 105930 22 106442 22 106954 22 107466 20 107978 20 108490 20 109002 20 109514 20 110026 20 110538 20 111050 20 111562 18 112074 18 112586 18 113098 18 113610 18 114122 18 114634 18 115146 18 115658 18 116170 18 116680 20 117192 20 117704 20 118216 20 118728 20 119240 20 119752 20 120264 20 120776 20 121288 20 121800 18 122312 18 122824 18 123336 18 123848 18 124360 18 124874 14 125386 14 125898 14 126410 14 126924 10 127436 10
15,164598 8 165110 8 165620 14 166132 14 166642 16 167154 16 167664 20 168176 20 168686 20 169198 20 169710 20 170222 20 170732 22 171244 22 171754 22 172266 22 172778 22 173290 22 173800 22 174312 22 174822 22 175334 22 175846 20 176358 20 176868 22 177380 22 177892 20 178404 20 178916 18 179428 18 179938 20 180450 20 180962 18 181474 18 181988 14 182500 14 183012 12 183524 12 184040 4 184552 4
16,98030 18 98542 18 99046 32 99558 32 100066 38 100578 38 101086 42 101598 42 102108 44 102620 44 103128 48 103640 48 104152 46 104664 46 105174 46 105686 46 106198 42 106710 42 107222 38 107734 38 108246 34 108758 34 109272 24 109784 24 110298 14 110810 14
17,169556 8 170068 8 170576 18 171088 18 171600 20 172112 20 172624 20 173136 20 173648 20 174160 20 174672 20 175184 20 175696 18 176208 18 176722 16 177234 16 177748 10 178260 10
18,202688 6 203200 6 203710 10 204222 10 204732 14 205244 14 205754 18 206266 18 206778 18 207290 18 207802 18 208314 18 208826 18 209338 18 209850 18 210362 18 210874 18 211386 18 211898 18 212410 18 212922 18 213434 18 213948 16 214460 16 214972 16 215484 16 215996 16 216508 16 217020 16 217532 16 218044 16 218556 16 219068 16 219580 16 220092 16 220604 16 221116 16 221628 16 222140 16 222652 16 223164 16 223676 16 224188 16 224700 16 225212 16 225724 16 226236 16 226748 16 227260 16 227772 16 228284 16 228796 16 229308 16 229820 16 230334 14 230846 14 231358 14 231870 14 232384 10 232896 10 233410 6 233922 6
19,92022 18 92534 18 93042 36 93554 36 94064 58 94576 58 95086 70 95598 70 96110 74 96622 74 97134 78 97646 78 98160 80 98672 80 99184 80 99696 80 100210 76 100722 76 101234 74 101746 74 102260 68 102772 68 103284 62 103796 62 104310 52 104822 52 105338 38 105850 38 106368 22 106880 22
20,157598 6 158110 6 158620 16 159132 16 159640 24 160152 24 160664 26 161176 26 161686 32 162198 32 162710 36 163222 36 163736 36 164248 36 164760 40 165272 40 165788 40 166300 40 166816 38 167328 38 167842 40 168354 40 168872 36 169384 36 169900 34 170412 34 170926 32 171438 32 171954 28 172466 28 172982 24 173494 24 174008 22 174520 22 175038 14 175550 14 176066 8 176578 8
21,44740 6 45252 6 45762 12 46274 12 46784 16 47296 16 47806 18 48318 18 48830 18 49342 18 49852 20 50364 20 50876 20 51388 20 51900 20 52412 20 52924 20 53436 20 53948 20 54460 20 54970 20 55482 20 55994 20 56506 20 57018 18 57530 18 58040 20 58552 20 59064 20 59576 20 60088 20 60600 20 61110 20 61622 20 62134 20 62646 20 63158 20 63670 20 64180 20 64692 20 65204 20 65716 20 66228 18 66740 18 67250 20 67762 20 68274 18 68786 18 69298 18 69810 18 70322 16 70834 16 71346 16 71858 16 72368 18 72880 18 73392 16 73904 16 74416 16 74928 16 75438 18 75950 18 76462 16 76974 16 77486 16 77998 16 78510 16 79022 16 79532 18 80044 18 80556 16 81068 16 81578 18 82090 18 82602 18 83114 18 83626 18 84138 18 84650 18 85162 18 85672 18 86184 18 86696 18 87208 18 87718 20 88230 20 88742 20 89254 20 89764 20 90276 20 90788 20 91300 20 91810 22 92322 22 92834 22 93346 22 93858 20 94370 20 94882 18 95394 18 95910 12 96422 12
22,65150 14 65662 14 66168 22 66680 22 67182 34 67694 34 68200 40 68712 40 69218 46 69730 46 70242 46 70754 46 71264 46 71776 46 72286 46 72798 46 73308 46 73820 46 74332 42 74844 42 75358 36 75870 36 76382 30 76894 30 77408 20 77920 20 78434 12 78946 12
23,68292 4 68804 4 69316 8 69828 8 70340 12 70852 12 71364 14 71876 14 72390 14 72902 14 73416 16 73928 16 74440 18 74952 18 75466 18 75978 18 76492 18 77004 18 77516 20 78028 20 78542 22 79054 22 79568 22 80080 22 80594 22 81106 22 81620 22 82132 22 82646 22 83158 22 83672 22 84184 22 84700 22 85212 22 85726 22 86238 22 86752 22 87264 22 87778 22 88290 22 88804 24 89316 24 89830 24 90342 24 90856 24 91368 24 91882 26 92394 26 92908 26 93420 26 93934 26 94446 26 94960 26 95472 26 95988 24 96500 24 97014 26 97526 26 98040 26 98552 26 99066 26 99578 26 100092 26 100604 26 101118 26 101630 26 102144 26 102656 26 103170 26 103682 26 104196 26 104708 26 105222 26 105734 26 106248 26 106760 26 107274 26 107786 26 108300 28 108812 28 109326 26 109838 26 110352 28 110864 28 111378 26 111890 26 112404 26 112916 26 113432 24 113944 24 114458 22 114970 22 115484 20 115996 20 116510 18 117022 18 117538 14 118050 14 118566 8 119078 8
24,
25,
26,174970 2 175482 2 175992 6 176504 6 177016 6 177528 6 178038 10 178550 10 179062 10 179574 10 180086 10 180598 10 181110 10 181622 10 182132 12 182644 12 183156 12 183668 12 184180 10 184692 10 185204 10 185716 10 186228 10 186740 10 187252 10 187764 10 188276 10 188788 10 189300 8 189812 8 190324 8 190836 8 191350 4 191862 4
27,
28,40610 10 41122 10 41632 12 42144 12 42658 12 43170 12 43682 12 44194 12 44708 12 45220 12 45734 10 46246 10 46760 8 47272 8 47788 4 48300 4
29,198334 10 198846 10 199352 18 199864 18 200372 22 200884 22 201392 26 201904 26 202412 28 202924 28 203432 32 203944 32 204450 36 204962 36 205470 38 205982 38 206492 38 207004 38 207514 38 208026 38 208534 38 209046 38 209556 38 210068 38 210580 34 211092 34 211602 32 212114 32 212626 30 213138 30 213648 28 214160 28 214672 24 215184 24 215698 20 216210 20 216724 14 217236 14 217750 2 218262 2
30,
31,
32,84582 10 85094 10 85604 16 86116 16 86626 20 87138 20 87650 20 88162 20 88674 20 89186 20 89698 20 90210 20 90722 20 91234 20 91746 20 92258 20 92770 20 93282 20 93794 18 94306 18 94820 14 95332 14 95844 14 96356 14 96870 10 97382 10 97894 8 98406 8 98920 4 99432 4
33,180858 10 181370 10 181876 18 182388 18 182896 24 183408 24 183916 28 184428 28 184934 32 185446 32 185950 38 186462 38 186964 44 187476 44 187976 50 188488 50 188994 48 189506 48 190010 50 190522 50 191028 52 191540 52 192044 56 192556 56 193060 60 193572 60 194080 60 194592 60 195100 60 195612 60 196122 56 196634 56 197142 56 197654 56 198166 50 198678 50 199188 44 199700 44 200212 36 200724 36 201238 28 201750 28 202264 20 202776 20 203292 8 203804 8
34,
35,180092 10 180604 10 181112 16 181624 16 182136 16 182648 16 183158 20 183670 20 184182 20 184694 20 185206 20 185718 20 186230 20 186742 20 187254 20 187766 20 188278 22 188790 22 189302 22 189814 22 190326 22 190838 22 191350 22 191862 22 192374 22 192886 22 193398 22 193910 22 194424 20 194936 20 195448 22 195960 22 196472 22 196984 22 197498 20 198010 20 198522 20 199034 20 199546 22 200058 22 200570 22 201082 22 201596 20 202108 20 202620 20 203132 20 203646 18 204158 18 204672 16 205184 16 205698 12 206210 12 206724 8 207236 8
36,118450 10 118962 10 119470 16 119982 16 120492 20 121004 20 121514 22 122026 22 122538 22 123050 22 123560 24 124072 24 124584 24 125096 24 125608 24 126120 24 126632 24 127144 24 127656 24 128168 24 128678 26 129190 26 129702 24 130214 24 130726 24 131238 24 131750 24 132262 24 132774 24 133286 24 133798 24 134310 24 134822 24 135334 24 135846 24 136358 24 136870 24 137382 24 137894 24 138406 24 138916 26 139428 26 139940 26 140452 26 140964 26 141476 26 141988 26 142500 26 143012 26 143524 26 144036 26 144548 26 145058 28 145570 28 146082 28 146594 28 147106 28 147618 28 148130 26 148642 26 149154 26 149666 26 150178 24 150690 24 151200 26 151712 26 152226 22 152738 22 153250 22 153762 22 154274 20 154786 20 155298 20 155810 20 156322 18 156834 18 157348 14 157860 14 158372 12 158884 12 159398 8 159910 8
37,48828 12 49340 12 49850 16 50362 16 50870 22 51382 22 51892 26 52404 26 52916 28 53428 28 53940 28 54452 28 54964 28 55476 28 55988 30 56500 30 57012 30 57524 30 58038 28 58550 28 59064 26 59576 26 60088 28 60600 28 61112 28 61624 28 62138 26 62650 26 63164 24 63676 24 64188 24 64700 24 65214 24 65726 24 66240 22 66752 22 67264 24 67776 24 68290 22 68802 22 69314 22 69826 22 70338 24 70850 24 71364 24 71876 24 72388 24 72900 24 73414 24 73926 24 74438 26 74950 26 75462 26 75974 26 76488 26 77000 26 77512 26 78024 26 78536 26 79048 26 79562 24 80074 24 80586 24 81098 24 81610 24 82122 24 82636 20 83148 20 83660 20 84172 20 84686 16 85198 16 85712 12 86224 12 86740 2 87252 2
38,
39,161406 10 161918 10 162428 14 162940 14 163450 18 163962 18 164472 20 164984 20 165494 20 166006 20 166516 22 167028 22 167538 24 168050 24 168560 24 169072 24 169582 26 170094 26 170606 24 171118 24 171628 26 172140 26 172650 26 173162 26 173674 24 174186 24 174696 24 175208 24 175720 22 176232 22 176742 22 177254 22 177766 20 178278 20 178788 20 179300 20 179812 18 180324 18 180836 16 181348 16 181860 14 182372 14 182886 8 183398 8
40,122512 2 123024 2 123532 8 124044 8 124556 10 125068 10 125578 12 126090 12 126600 14 127112 14 127624 12 128136 12 128648 12 129160 12 129670 14 130182 14 130694 12 131206 12 131716 14 132228 14 132738 16 133250 16 133762 16 134274 16 134784 16 135296 16 135808 16 136320 16 136830 18 137342 18 137854 18 138366 18 138876 18 139388 18 139900 18 140412 18 140926 16 141438 16 141950 14 142462 14 142976 10 143488 10
41,222092 2 222604 2 223112 12 223624 12 224134 16 224646 16 225156 18 225668 18 226180 18 226692 18 227202 20 227714 20 228226 20 228738 20 229250 20 229762 20 230272 22 230784 22 231294 24 231806 24 232318 22 232830 22 233340 24 233852 24 234364 22 234876 22 235388 22 235900 22 236410 24 236922 24 237434 22 237946 22 238456 24 238968 24 239480 22 239992 22 240504 22 241016 22 241528 22 242040 22 242550 22 243062 22 243574 22 244086 22 244598 20 245110 20 245624 16 246136 16 246648 16 247160 16 247678 6 248190 6
42,202330 2 202842 2 203350 12 203862 12 204374 16 204886 16 205396 20 205908 20 206420 24 206932 24 207444 26 207956 26 208468 28 208980 28 209492 30 210004 30 210518 30 211030 30 211544 30 212056 30 212568 32 213080 32 213594 32 214106 32 214620 32 215132 32 215648 30 216160 30 216674 30 217186 30 217702 28 218214 28 218730 26 219242 26 219758 24 220270 24 220788 20 221300 20 221816 20 222328 20 222842 20 223354 20 223866 22 224378 22 224892 22 225404 22 225916 24 226428 24 226942 22 227454 22 227968 22 228480 22 228994 20 229506 20 230020 18 230532 18 231048 14 231560 14 232074 10 232586 10 233100 6 233612 6
43,
44,135862 6 136374 6 136878 20 137390 20 137896 28 138408 28 138906 42 139418 42 139918 56 140430 56 140934 64 141446 64 141954 68 142466 68 142974 72 143486 72 143996 74 144508 74 145020 72 145532 72 146044 72 146556 72 147066 72 147578 72 148090 72 148602 72 149114 68 149626 68 150138 66 150650 66 151164 60 151676 60 152190 50 152702 50 153216 32 153728 32 154244 14 154756 14
45,157360 10 157872 10 158370 22 158882 22 159390 24 159902 24 160410 24 160922 24 161432 24 161944 24 162454 24 162966 24 163476 22 163988 22 164504 14 165016 14
46,
47,104068 12 104580 12 105090 16 105602 16 106112 18 106624 18 107134 20 107646 20 108156 22 108668 22 109180 22 109692 22 110202 22 110714 22 111226 22 111738 22 112248 24 112760 24 113270 24 113782 24 114292 24 114804 24 115316 24 115828 24 116338 24 116850 24 117360 24 117872 24 118382 26 118894 26 119406 24 119918 24 120428 24 120940 24 121450 26 121962 26 122472 26 122984 26 123494 26 124006 26 124516 28 125028 28 125538 28 126050 28 126560 28 127072 28 127584 26 128096 26 128606 26 129118 26 129628 24 130140 24 130650 24 131162 24 131674 22 132186 22 132696 22 133208 22 133718 22 134230 22 134740 22 135252 22 135762 22 136274 22 136782 24 137294 24 137806 22 138318 22 138828 24 139340 24 139850 24 140362 24 140872 24 141384 24 141894 26 142406 26 142918 24 143430 24 143940 24 144452 24 144964 22 145476 22 145988 22 146500 22 147012 20 147524 20 148036 18 148548 18 149060 14 149572 14 150088 8 150600 8
48,191080 2 191592 2 192100 6 192612 6 193124 6 193636 6 194146 8 194658 8 195168 10 195680 10 196192 8 196704 8 197214 10 197726 10 198236 12 198748 12 199260 12 199772 12 200282 12 200794 12 201306 12 201818 12 202328 14 202840 14 203352 12 203864 12 204376 12 204888 12 205400 10 205912 10 206424 8 206936 8 207450 4 207962 4
49,
50,
51,209818 8 210330 8 210838 14 211350 14 211860 18 212372 18 212880 22 213392 22 213902 24 214414 24 214924 26 215436 26 215944 28 216456 28 216966 30 217478 30 217988 30 218500 30 219010 32 219522 32 220032 32 220544 32 221054 32 221566 32 222076 34 222588 34 223098 34 223610 34 224120 34 224632 34 225142 34 225654 34 226164 34 226676 34 227186 36 227698 36 228208 36 228720 36 229228 38 229740 38 230250 38 230762 38 231272 38 231784 38 232296 36 232808 36 233318 36 233830 36 234342 32 234854 32 235364 32 235876 32 236388 28 236900 28 237412 26 237924 26 238438 22 238950 22 239462 18 239974 18 240488 12 241000 12
52,93870 8 94382 8 94890 14 95402 14 95912 16 96424 16 96934 18 97446 18 97956 20 98468 20 98980 18 99492 18 100004 16 100516 16 101028 14 101540 14 102054 10 102566 10
53,53060 8 53572 8 54082 12 54594 12 55104 16 55616 16 56126 18 56638 18 57148 20 57660 20 58170 22 58682 22 59192 24 59704 24 60216 22 60728 22 61238 24 61750 24 62258 28 62770 28 63278 30 63790 30 64298 32 64810 32 65318 34 65830 34 66338 36 66850 36 67360 36 67872 36 68382 36 68894 36 69404 38 69916 38 70426 38 70938 38 71450 36 71962 36 72474 34 72986 34 73498 30 74010 30 74522 28 75034 28 75546 28 76058 28 76572 24 77084 24 77596 20 78108 20 78622 16 79134 16 79652 6 80164 6
54,35474 6 35986 6 36496 10 37008 10 37520 12 38032 12 38544 14 39056 14 39568 14 40080 14 40592 14 41104 14 41616 14 42128 14 42640 16 43152 16 43664 16 44176 16 44688 16 45200 16 45714 14 46226 14 46738 16 47250 16 47762 16 48274 16 48786 16 49298 16 49812 16 50324 16 50836 16 51348 16 51860 18 52372 18 52886 16 53398 16 53910 16 54422 16 54936 16 55448 16 55960 16 56472 16 56986 14 57498 14 58010 14 58522 14 59034 16 59546 16 60060 14 60572 14 61084 14 61596 14 62110 10 62622 10 63136 8 63648 8
55,72270 10 72782 10 73290 18 73802 18 74310 24 74822 24 75334 26 75846 26 76356 30 76868 30 77378 34 77890 34 78402 36 78914 36 79424 40 79936 40 80448 42 80960 42 81472 44 81984 44 82498 42 83010 42 83522 44 84034 44 84548 44 85060 44 85574 44 86086 44 86600 42 87112 42 87626 40 88138 40 88654 36 89166 36 89680 34 90192 34 90708 28 91220 28 91734 26 92246 26 92762 20 93274 20 93788 16 94300 16 94816 10 95328 10
56,164742 4 165254 4 165764 8 166276 8 166786 10 167298 10 167808 12 168320 12 168832 14 169344 14 169854 16 170366 16 170878 14 171390 14 171900 16 172412 16 172924 16 173436 16 173946 18 174458 18 174970 18 175482 18 175994 18 176506 18 177016 20 177528 20 178040 20 178552 20 179064 20 179576 20 180086 20 180598 20 181110 20 181622 20 182132 22 182644 22 183156 22 183668 22 184178 24 184690 24 185202 24 185714 24 186226 24 186738 24 187248 24 187760 24 188272 24 188784 24 189294 24 189806 24 190318 24 190830 24 191342 22 191854 22 192366 22 192878 22 193390 20 193902 20 194414 20 194926 20 195438 18 195950 18 196462 18 196974 18 197488 14 198000 14 198514 10 199026 10 199540 6 200052 6
57,59182 24 59694 24 60192 42 60704 42 61200 58 61712 58 62214 68 62726 68 63224 82 63736 82 64240 90 64752 90 65252 102 65764 102 66270 108 66782 108 67290 110 67802 110 68312 112 68824 112 69334 112 69846 112 70356 114 70868 114 71380 110 71892 110 72402 106 72914 106 73426 100 73938 100 74450 84 74962 84 75476 68 75988 68 76500 58 77012 58 77526 42 78038 42 78550 34 79062 34 79574 26 80086 26 80600 14 81112 14
58,27494 8 28006 8 28516 12 29028 12 29538 18 30050 18 30560 20 31072 20 31584 22 32096 22 32606 26 33118 26 33630 26 34142 26 34656 26 35168 26 35680 26 36192 26 36704 28 37216 28 37730 26 38242 26 38754 28 39266 28 39780 26 40292 26 40806 26 41318 26 41832 24 42344 24 42858 24 43370 24 43884 22 44396 22 44910 22 45422 22 45938 20 46450 20 46964 20 47476 20 47990 20 48502 20 49016 20 49528 20 50042 18 50554 18 51068 18 51580 18 52094 18 52606 18 53118 22 53630 22 54144 20 54656 20 55168 22 55680 22 56194 22 56706 22 57218 24 57730 24 58244 24 58756 24 59270 22 59782 22 60294 24 60806 24 61320 24 61832 24 62346 24 62858 24 63370 26 63882 26 64396 26 64908 26 65420 26 65932 26 66446 26 66958 26 67472 26 67984 26 68498 26 69010 26 69524 24 70036 24 70550 24 71062 24 71576 22 72088 22 72602 20 73114 20 73628 20 74140 20 74654 18 75166 18 75680 14 76192 14 76708 10 77220 10
59,106382 12 106894 12 107402 28 107914 28 108424 52 108936 52 109446 62 109958 62 110470 66 110982 66 111494 68 112006 68 112516 72 113028 72 113542 70 114054 70 114566 70 115078 70 115590 70 116102 70 116614 70 117126 70 117638 70 118150 70 118664 66 119176 66 119690 62 120202 62 120722 52 121234 52 121776 16 122288 16
60,34458 10 34970 10 35480 14 35992 14 36504 16 37016 16 37526 18 38038 18 38550 18 39062 18 39572 20 40084 20 40596 20 41108 20 41618 22 42130 22 42642 22 43154 22 43666 22 44178 22 44690 20 45202 20 45712 22 46224 22 46736 22 47248 22 47760 22 48272 22 48782 22 49294 22 49806 22 50318 22 50830 22 51342 22 51852 24 52364 24 52876 22 53388 22 53900 22 54412 22 54922 24 55434 24 55946 24 56458 24 56970 24 57482 24 57994 24 58506 24 59018 22 59530 22 60040 24 60552 24 61064 24 61576 24 62088 24 62600 24 63112 24 63624 24 64136 24 64648 24 65158 24 65670 24 66182 24 66694 24 67206 24 67718 24 68230 24 68742 24 69254 24 69766 24 70278 24 70790 24 71302 24 71814 24 72326 24 72838 24 73350 24 73862 24 74374 24 74886 24 75398 24 75910 24 76422 22 76934 22 77446 22 77958 22 78470 22 78982 22 79496 20 80008 20 80522 16 81034 16 81546 16 82058 16 82574 12 83086 12
61,79594 4 80106 4 80614 14 81126 14 81636 20 82148 20 82658 24 83170 24 83682 28 84194 28 84704 32 85216 32 85728 36 86240 36 86752 40 87264 40 87776 44 88288 44 88802 46 89314 46 89826 48 90338 48 90852 50 91364 50 91880 50 92392 50 92906 52 93418 52 93934 52 94446 52 94964 48 95476 48 95994 46 96506 46 97022 46 97534 46 98050 44 98562 44 99078 44 99590 44 100106 44 100618 44 101134 44 101646 44 102160 46 102672 46 103188 46 103700 46 104216 46 104728 46 105244 46 105756 46 106270 48 106782 48 107298 48 107810 48 108326 48 108838 48 109354 46 109866 46 110382 44 110894 44 111408 44 111920 44 112436 42 112948 42 113464 38 113976 38 114492 36 115004 36 115518 34 116030 34 116546 30 117058 30 117574 26 118086 26 118600 22 119112 22 119628 16 120140 16 120656 12 121168 12 121684 4 122196 4
62,197320 6 197832 6 198340 12 198852 12 199360 18 199872 18 200382 22 200894 22 201406 22 201918 22 202428 24 202940 24 203452 26 203964 26 204474 28 204986 28 205498 30 206010 30 206522 32 207034 32 207546 34 208058 34 208568 38 209080 38 209592 40 210104 40 210618 42 211130 42 211642 46 212154 46 212666 50 213178 50 213692 52 214204 52 214718 56 215230 56 215744 60 216256 60 216772 60 217284 60 217800 60 218312 60 218828 60 219340 60 219856 60 220368 60 220884 56 221396 56 221912 54 222424 54 222940 54 223452 54 223968 52 224480 52 224994 52 225506 52 226022 48 226534 48 227050 44 227562 44 228078 42 228590 42 229108 36 229620 36 230136 32 230648 32 231164 28 231676 28 232194 20 232706 20 233222 16 233734 16 234250 12 234762 12 235276 8 235788 8
63,6902 2 7414 2 7922 6 8434 6 8942 10 9454 10 9964 14 10476 14 10986 16 11498 16 12008 20 12520 20 13030 22 13542 22 14054 22 14566 22 15076 24 15588 24 16100 22 16612 22 17122 24 17634 24 18144 24 18656 24 19166 26 19678 26 20190 24 20702 24 21212 26 21724 26 22234 26 22746 26 23258 24 23770 24 24280 26 24792 26 25304 24 25816 24 26326 24 26838 24 27348 26 27860 26 28372 24 28884 24 29394 26 29906 26 30418 24 30930 24 31440 26 31952 26 32462 26 32974 26 33484 26 33996 26 34508 26 35020 26 35530 26 36042 26 36552 26 37064 26 37576 26 38088 26 38598 26 39110 26 39622 24 40134 24 40644 26 41156 26 41668 24 42180 24 42694 20 43206 20 43718 18 44230 18 44742 16 45254 16 45768 12 46280 12 46796 4 47308 4
64,
65,
66,136910 4 137422 4 137930 12 138442 12 138952 16 139464 16 139974 20 140486 20 140996 24 141508 24 142018 26 142530 26 143040 28 143552 28 144064 26 144576 26 145086 28 145598 28 146108 28 146620 28 147132 26 147644 26 148156 26 148668 26 149178 26 149690 26 150202 24 150714 24 151226 22 151738 22 152250 18 152762 18 153276 14 153788 14 154302 10 154814 10
67,92028 6 92540 6 93046 18 93558 18 94068 20 94580 20 95090 24 95602 24 96112 28 96624 28 97134 30 97646 30 98158 30 98670 30 99182 32 99694 32 100206 32 100718 32 101230 32 101742 32 102254 32 102766 32 103280 30 103792 30 104304 30 104816 30 105330 28 105842 28 106354 28 106866 28 107378 30 107890 30 108404 28 108916 28 109428 28 109940 28 110452 28 110964 28 111476 28 111988 28 112500 28 113012 28 113526 28 114038 28 114550 28 115062 28 115574 28 116086 28 116598 28 117110 28 117624 28 118136 28 118648 28 119160 28 119672 28 120184 28 120696 28 121208 28 121722 28 122234 28 122746 28 123258 28 123770 28 124282 28 124794 30 125306 30 125818 30 126330 30 126844 28 127356 28 127868 30 128380 30 128892 30 129404 30 129916 32 130428 32 130942 30 131454 30 131966 30 132478 30 132990 30 133502 30 134014 32 134526 32 135038 32 135550 32 136062 32 136574 32 137088 30 137600 30 138112 30 138624 30 139136 30 139648 30 140160 30 140672 30 141186 28 141698 28 142210 28 142722 28 143234 26 143746 26 144258 26 144770 26 145284 24 145796 24 146308 24 146820 24 147334 22 147846 22 148358 20 148870 20 149384 18 149896 18 150410 14 150922 14 151438 6 151950 6
68,27252 6 27764 6 28272 14 28784 14 29294 18 29806 18 30318 18 30830 18 31340 22 31852 22 32364 22 32876 22 33386 24 33898 24 34410 24 34922 24 35432 26 35944 26 36456 24 36968 24 37478 26 37990 26 38502 26 39014 26 39524 26 40036 26 40548 26 41060 26 41570 26 42082 26 42594 26 43106 26 43616 26 44128 26 44638 28 45150 28 45660 28 46172 28 46684 26 47196 26 47706 28 48218 28 48728 28 49240 28 49750 30 50262 30 50772 30 51284 30 51796 30 52308 30 52818 30 53330 30 53840 32 54352 32 54864 32 55376 32 55886 32 56398 32 56908 34 57420 34 57932 34 58444 34 58956 32 59468 32 59980 32 60492 32 61006 28 61518 28 62032 26 62544 26 63060 20 63572 20 64086 16 64598 16 65116 6 65628 6
69,34520 10 35032 10 35540 16 36052 16 36560 24 37072 24 37580 28 38092 28 38602 32 39114 32 39622 36 40134 36 40644 38 41156 38 41664 44 42176 44 42686 44 43198 44 43708 46 44220 46 44728 48 45240 48 45748 48 46260 48 46768 48 47280 48 47788 46 48300 46 48808 48 49320 48 49828 48 50340 48 50846 50 51358 50 51868 48 52380 48 52888 48 53400 48 53908 48 54420 48 54928 50 55440 50 55948 50 56460 50 56968 50 57480 50 57988 50 58500 50 59008 50 59520 50 60028 50 60540 50 61048 52 61560 52 62068 52 62580 52 63088 52 63600 52 64108 50 64620 50 65128 52 65640 52 66150 50 66662 50 67172 48 67684 48 68194 46 68706 46 69218 42 69730 42 70242 40 70754 40 71266 36 71778 36 72292 32 72804 32 73318 26 73830 26 74344 20 74856 20 75374 8 75886 8
70,59958 2 60470 2 60978 8 61490 8 62000 12 62512 12 63022 14 63534 14 64044 14 64556 14 65066 16 65578 16 66088 16 66600 16 67112 14 67624 14 68134 14 68646 14 69158 12 69670 12 70182 10 70694 10 71206 6 71718 6
71,
72,
73,53076 10 53588 10 54098 14 54610 14 55120 16 55632 16 56142 20 56654 20 57166 20 57678 20 58190 20 58702 20 59212 22 59724 22 60236 22 60748 22 61260 22 61772 22 62284 22 62796 22 63308 20 63820 20 64332 20 64844 20 65354 22 65866 22 66378 22 66890 22 67402 20 67914 20 68426 20 68938 20 69450 20 69962 20 70472 22 70984 22 71496 20 72008 20 72520 20 73032 20 73544 20 74056 20 74566 22 75078 22 75590 22 76102 22 76614 20 77126 20 77636 22 78148 22 78660 22 79172 22 79684 22 80196 22 80706 22 81218 22 81730 22 82242 22 82754 22 83266 22 83778 22 84290 22 84802 20 85314 20 85826 20 86338 20 86850 18 87362 18 87874 18 88386 18 88900 14 89412 14 89928 8 90440 8
74,132674 10 133186 10 133696 16 134208 16 134718 18 135230 18 135742 20 136254 20 136766 22 137278 22 137790 24 138302 24 138814 24 139326 24 139838 26 140350 26 140862 26 141374 26 141888 26 142400 26 142912 28 143424 28 143938 28 144450 28 144962 28 145474 28 145988 28 146500 28 147012 30 147524 30 148038 28 148550 28 149062 30 149574 30 150088 30 150600 30 151112 30 151624 30 152138 30 152650 30 153164 28 153676 28 154188 30 154700 30 155214 28 155726 28 156238 28 156750 28 157264 26 157776 26 158288 24 158800 24 159314 22 159826 22 160340 18 160852 18 161366 14 161878 14 162394 4 162906 4
75,85662 6 86174 6 86680 14 87192 14 87702 18 88214 18 88726 18 89238 18 89748 22 90260 22 90770 24 91282 24 91794 22 92306 22 92816 24 93328 24 93840 22 94352 22 94862 24 95374 24 95884 24 96396 24 96906 26 97418 26 97928 26 98440 26 98952 24 99464 24 99974 24 100486 24 100996 26 101508 26 102020 24 102532 24 103042 24 103554 24 104064 24 104576 24 105088 24 105600 24 106112 22 106624 22 107134 22 107646 22 108158 22 108670 22 109182 20 109694 20 110206 16 110718 16 111232 14 111744 14 112256 10 112768 10
76,188052 4 188564 4 189074 10 189586 10 190094 16 190606 16 191116 20 191628 20 192142 22 192654 22 193166 24 193678 24 194192 24 194704 24 195216 26 195728 26 196242 28 196754 28 197268 28 197780 28 198296 26 198808 26 199324 24 199836 24 200352 20 200864 20 201380 16 201892 16 202406 14 202918 14 203434 10 203946 10
77,
78,146242 38 146754 38 147258 50 147770 50 148280 54 148792 54 149302 58 149814 58 150326 58 150838 58 151350 58 151862 58 152374 58 152886 58 153398 58 153910 58 154424 56 154936 56 155450 52 155962 52 156474 50 156986 50 157500 44 158012 44 158532 20 159044 20
79,65372 10 65884 10 66392 18 66904 18 67414 22 67926 22 68436 26 68948 26 69460 24 69972 24 70486 22 70998 22 71520 4 72032 4
80,220054 6 220566 6 221064 26 221576 26 222084 34 222596 34 223100 42 223612 42 224122 46 224634 46 225132 60 225644 60 226152 64 226664 64 227172 68 227684 68 228194 70 228706 70 229216 70 229728 70 230240 66 230752 66 231264 60 231776 60 232290 48 232802 48 233318 22 233830 22
81,24378 6 24890 6 25378 2 25388 26 25890 2 25900 26 26388 54 26900 54 27408 58 27920 58 28428 64 28940 64 29452 64 29964 64 30474 66 30986 66 31498 66 32010 66 32522 66 33034 66 33546 66 34058 66 34570 66 35082 66 35592 68 36104 68 36616 68 37128 68 37640 68 38152 68 38664 66 39176 66 39688 66 40200 66 40714 62 41226 62 41738 62 42250 62 42762 60 43274 60 43788 38 44300 38 44818 16 45330 16
82,186054 8 186566 8 187074 16 187586 16 188096 20 188608 20 189120 20 189632 20 190142 24 190654 24 191166 26 191678 26 192190 26 192702 26 193214 28 193726 28 194238 28 194750 28 195262 30 195774 30 196288 28 196800 28 197312 30 197824 30 198336 30 198848 30 199362 30 199874 30 200386 30 200898 30 201412 28 201924 28 202436 30 202948 30 203462 28 203974 28 204486 28 204998 28 205510 30 206022 30 206536 30 207048 30 207560 30 208072 30 208586 28 209098 28 209610 30 210122 30 210634 30 211146 30 211660 30 212172 30 212684 30 213196 30 213708 32 214220 32 214734 30 215246 30 215758 30 216270 30 216782 32 217294 32 217806 32 218318 32 218832 30 219344 30 219856 32 220368 32 220882 28 221394 28 221906 28 222418 28 222932 26 223444 26 223956 26 224468 26 224984 16 225496 16
83,127556 14 128068 14 128578 22 129090 22 129600 32 130112 32 130624 40 131136 40 131648 46 132160 46 132674 50 133186 50 133698 56 134210 56 134724 62 135236 62 135750 66 136262 66 136776 68 137288 68 137804 68 138316 68 138830 70 139342 70 139858 66 140370 66 140886 64 141398 64 141914 60 142426 60 142944 56 143456 56 143974 50 144486 50 145002 44 145514 44 146032 38 146544 38 147060 32 147572 32 148090 24 148602 24 149124 10 149636 10
84,42600 4 43112 4 43620 10 44132 10 44642 14 45154 14 45664 16 46176 16 46688 16 47200 16 47710 18 48222 18 48732 20 49244 20 49754 22 50266 22 50778 22 51290 22 51800 22 52312 22 52824 22 53336 22 53846 24 54358 24 54870 22 55382 22 55892 24 56404 24 56916 24 57428 24 57938 24 58450 24 58962 24 59474 24 59984 24 60496 24 61006 26 61518 26 62028 26 62540 26 63050 28 63562 28 64072 28 64584 28 65094 30 65606 30 66118 28 66630 28 67140 30 67652 30 68162 30 68674 30 69186 30 69698 30 70208 32 70720 32 71232 30 71744 30 72256 30 72768 30 73280 28 73792 28 74304 28 74816 28 75330 24 75842 24 76356 20 76868 20 77382 18 77894 18 78410 12 78922 12 79438 4 79950 4
85,127644 10 128156 10 128662 18 129174 18 129680 26 130192 26 130700 30 131212 30 131720 34 132232 34 132742 36 133254 36 133764 38 134276 38 134786 38 135298 38 135808 38 136320 38 136828 40 137340 40 137850 38 138362 38 138872 38 139384 38 139894 38 140406 38 140916 38 141428 38 141936 40 142448 40 142958 38 143470 38 143980 38 144492 38 145002 38 145514 38 146024 36 146536 36 147046 34 147558 34 148068 32 148580 32 149092 30 149604 30 150114 28 150626 28 151138 26 151650 26 152162 22 152674 22 153186 20 153698 20 154214 8 154726 8
86,100950 6 101462 6 101972 12 102484 12 102994 14 103506 14 104016 16 104528 16 105040 18 105552 18 106062 20 106574 20 107086 20 107598 20 108110 18 108622 18 109132 20 109644 20 110156 20 110668 20 111178 22 111690 22 112202 20 112714 20 113224 22 113736 22 114248 22 114760 22 115270 24 115782 24 116292 24 116804 24 117316 24 117828 24 118338 26 118850 26 119360 26 119872 26 120384 26 120896 26 121406 26 121918 26 122428 28 122940 28 123452 28 123964 28 124474 28 124986 28 125498 28 126010 28 126522 26 127034 26 127544 28 128056 28 128568 28 129080 28 129590 28 130102 28 130614 28 131126 28 131638 28 132150 28 132660 28 133172 28 133684 28 134196 28 134706 30 135218 30 135730 28 136242 28 136752 28 137264 28 137776 28 138288 28 138798 28 139310 28 139822 28 140334 28 140846 26 141358 26 141872 24 142384 24 142898 20 143410 20 143924 16 144436 16 144950 12 145462 12 145980 2 146492 2
87,136876 8 137388 8 137898 10 138410 10 138920 14 139432 14 139944 14 140456 14 140966 18 141478 18 141990 18 142502 18 143012 20 143524 20 144036 20 144548 20 145060 20 145572 20 146082 20 146594 20 147106 20 147618 20 148130 20 148642 20 149154 18 149666 18 150176 20 150688 20 151200 20 151712 20 152224 18 152736 18 153246 20 153758 20 154270 18 154782 18 155294 18 155806 18 156316 20 156828 20 157340 20 157852 20 158364 18 158876 18 159386 20 159898 20 160410 18 160922 18 161434 18 161946 18 162458 16 162970 16 163482 16 163994 16 164506 14 165018 14 165530 12 166042 12 166556 6 167068 6
88,
89,133974 12 134486 12 134994 22 135506 22 136014 28 136526 28 137036 32 137548 32 138060 32 138572 32 139084 34 139596 34 140108 36 140620 36 141132 36 141644 36 142156 38 142668 38 143182 36 143694 36 144206 38 144718 38 145232 36 145744 36 146258 36 146770 36 147282 36 147794 36 148308 36 148820 36 149334 34 149846 34 150360 34 150872 34 151384 34 151896 34 152410 34 152922 34 153436 32 153948 32 154462 32 154974 32 155486 32 155998 32 156512 32 157024 32 157538 30 158050 30 158562 32 159074 32 159588 30 160100 30 160614 28 161126 28 161640 28 162152 28 162666 26 163178 26 163692 24 164204 24 164718 22 165230 22 165744 18 166256 18 166770 14 167282 14 167800 2 168312 2
90,65424 2 65936 2 66444 12 66956 12 67466 18 67978 18 68488 26 69000 26 69512 30 70024 30 70536 42 70596 12 71048 42 71108 12 71558 78 72070 78 72584 78 73096 78 73608 74 74120 74 74634 70 75146 70 75662 60 76174 60 76690 50 77202 50
91,17966 4 18478 4 18986 14 19498 14 20008 20 20520 20 21032 24 21544 24 22054 30 22566 30 23078 34 23590 34 24102 38 24614 38 25126 42 25638 42 26150 48 26662 48 27174 52 27686 52 28198 56 28710 56 29224 60 29736 60 30250 62 30762 62 31278 62 31790 62 32306 60 32818 60 33334 62 33846 62 34362 60 34874 60 35392 58 35904 58 36422 54 36934 54 37450 54 37962 54 38480 48 38992 48 39510 42 40022 42 40538 38 41050 38 41566 34 42078 34 42594 30 43106 30 43622 24 44134 24 44648 20 45160 20 45676 14 46188 14 46704 8 47216 8
92,159646 12 159662 2 160158 12 160174 2 160670 10 161182 10 161694 2 162206 2
93,
94,171800 8 172312 8 172822 14 173334 14 173844 22 174356 22 174866 28 175378 28 175890 30 176402 30 176914 34 177426 34 177938 38 178450 38 178962 42 179474 42 179988 42 180500 42 181012 46 181524 46 182038 48 182550 48 183064 48 183576 48 184090 50 184602 50 185116 50 185628 50 186144 48 186656 48 187172 48 187684 48 188198 46 188710 46 189226 44 189738 44 190254 42 190766 42 191280 42 191792 42 192310 36 192822 36 193336 34 193848 34 194364 28 194876 28 195390 26 195902 26 196418 18 196930 18 197446 10 197958 10
95,123840 10 124352 10 124858 18 125370 18 125880 22 126392 22 126900 26 127412 26 127920 28 128432 28 128940 30 129452 30 129962 28 130474 28 130984 6 131000 6 131496 6 131512 6
96,123480 12 123992 12 124502 22 125014 22 125524 28 126036 28 126548 34 127060 34 127574 36 128086 36 128600 36 129112 36 129626 38 130138 38 130652 38 131164 38 131678 38 132190 38 132706 34 133218 34 133734 32 134246 32 134762 28 135274 28 135792 20 136304 20 136820 16 137332 16 137852 2 138364 2
97,52852 8 53364 8 53872 14 54384 14 54894 16 55406 16 55914 20 56426 20 56936 20 57448 20 57958 20 58470 20 58980 20 59492 20 60000 22 60512 22 61022 22 61534 22 62044 22 62556 22 63064 24 63576 24 64086 24 64598 24 65106 24 65618 24 66128 26 66640 26 67150 24 67662 24 68172 24 68684 24 69196 22 69708 22 70218 22 70730 22 71242 18 71754 18 72264 18 72776 18 73290 12 73802 12 74316 6 74828 6
98,136798 8 137310 8 137820 12 138332 12 138840 18 139352 18 139864 18 140376 18 140886 22 141398 22 141910 24 142422 24 142934 26 143446 26 143960 26 144472 26 144984 26 145496 26 146010 26 146522 26 147036 26 147548 26 148060 28 148572 28 149088 26 149600 26 150114 28 150626 28 151140 28 151652 28 152166 30 152678 30 153192 30 153704 30 154218 30 154730 30 155242 32 155754 32 156268 32 156780 32 157294 34 157806 34 158320 32 158832 32 159346 32 159858 32 160370 34 160882 34 161396 34 161908 34 162422 34 162934 34 163446 34 163958 34 164472 34 164984 34 165498 32 166010 32 166524 30 167036 30 167550 30 168062 30 168576 28 169088 28 169602 28 170114 28 170628 26 171140 26 171654 24 172166 24 172680 22 173192 22 173706 20 174218 20 174732 18 175244 18 175756 18 176268 18 176782 16 177294 16 177810 10 178322 10 178836 8 179348 8 179864 2 180376 2
99,50922 8 51434 8 51942 16 52454 16 52962 22 53474 22 53984 24 54496 24 55008 26 55520 26 56030 30 56542 30 57054 30 57566 30 58078 30 58590 30 59102 32 59614 32 60126 32 60638 32 61150 34 61662 34 62176 32 62688 32 63200 32 63712 32 64226 32 64738 32 65250 32 65762 32 66276 30 66788 30 67300 32 67812 32 68326 30 68838 30 69350 32 69862 32 70376 30 70888 30 71400 30 71912 30 72424 32 72936 32 73448 32 73960 32 74474 32 74986 32 75498 32 76010 32 76522 34 77034 34 77546 34 78058 34 78570 34 79082 34 79596 34 80108 34 80620 34 81132 34 81644 34 82156 34 82668 34 83180 34 83694 32 84206 32 84718 32 85230 32 85742 30 86254 30 86768 26 87280 26 87794 22 88306 22 88820 16 89332 16 89846 10 90358 10
100,
101,131644 20 132156 20 132662 26 133174 26 133678 32 134190 32 134698 34 135210 34 135718 34 136230 34 136740 34 137252 34 137764 30 138276 30 138788 26 139300 26 139810 24 140322 24 140836 18 141348 18 141864 8 142376 8
102,32418 14 32930 14 33436 24 33948 24 34456 28 34968 28 35474 36 35986 36 36494 40 37006 40 37514 44 38026 44 38534 48 39046 48 39552 52 40064 52 40572 56 41084 56 41592 60 42104 60 42612 62 43124 62 43630 66 44142 66 44648 68 45160 68 45668 70 46180 70 46688 72 47200 72 47708 72 48220 72 48730 70 49242 70 49752 66 50264 66 50774 64 51286 64 51798 56 52310 56 52822 50 53334 50 53846 44 54358 44 54872 38 55384 38 55896 32 56408 32 56920 28 57432 28 57946 20 58458 20 58974 10 59486 10
103,69304 8 69816 8 70322 18 70834 18 71312 54 71824 54 72312 80 72824 80 73332 86 73844 86 74354 88 74866 88 75376 90 75888 90 76398 94 76910 94 77422 92 77934 92 78446 92 78958 92 79470 90 79982 90 80494 88 81006 88 81518 86 82030 86 82542 82 83054 82 83568 56 84080 56 84596 30 85108 30
104,228108 14 228620 14 229122 26 229634 26 230128 46 230640 46 231142 58 231654 58 232158 64 232670 64 233174 72 233686 72 234194 74 234706 74 235214 74 235726 74 236236 72 236748 72 237260 64 237772 64 238284 56 238796 56 239310 48 239822 48
105,91800 10 92312 10 92822 16 93334 16 93844 20 94356 20 94866 24 95378 24 95890 24 96402 24 96914 26 97426 26 97936 28 98448 28 98960 28 99472 28 99982 30 100494 30 101006 30 101518 30 102030 28 102542 28 103052 30 103564 30 104076 28 104588 28 105098 30 105610 30 106122 28 106634 28 107146 28 107658 28 108168 28 108680 28 109192 26 109704 26 110214 28 110726 28 111238 26 111750 26 112260 28 112772 28 113284 26 113796 26 114306 28 114818 28 115330 26 115842 26 116352 28 116864 28 117374 28 117886 28 118398 28 118910 28 119420 28 119932 28 120444 28 120956 28 121468 26 121980 26 122490 28 123002 28 123514 26 124026 26 124536 26 125048 26 125558 28 126070 28 126582 26 127094 26 127606 26 128118 26 128628 26 129140 26 129652 26 130164 26 130674 26 131186 26 131698 26 132210 26 132720 26 133232 26 133744 26 134256 26 134766 26 135278 26 135790 26 136302 26 136814 24 137326 24 137836 24 138348 24 138860 24 139372 24 139882 26 140394 26 140906 24 141418 24 141928 26 142440 26 142952 24 143464 24 143974 26 144486 26 144998 24 145510 24 146020 26 146532 26 147044 26 147556 26 148066 26 148578 26 149090 26 149602 26 150112 26 150624 26 151136 26 151648 26 152158 28 152670 28 153182 26 153694 26 154204 28 154716 28 155228 26 155740 26 156250 26 156762 26 157276 24 157788 24 158300 22 158812 22 159326 18 159838 18 160354 10 160866 10
106,
107,69452 12 69964 12 70472 18 70984 18 71494 20 72006 20 72516 22 73028 22 73538 22 74050 22 74560 22 75072 22 75582 22 76094 22 76606 20 77118 20 77630 16 78142 16
108,231176 4 231688 4 232196 12 232708 12 233220 12 233732 12 234242 14 234754 14 235264 16 235776 16 236286 18 236798 18 237310 18 237822 18 238332 18 238844 18 239354 18 239866 18 240376 20 240888 20 241398 20 241910 20 242420 20 242932 20 243444 18 243956 18 244466 18 244978 18 245490 16 246002 16 246512 16 247024 16 247536 12 248048 12 248562 8 249074 8
109,33632 18 34144 18 34652 28 35164 28 35674 34 36186 34 36698 36 37210 36 37722 36 38234 36 38748 34 39260 34 39774 32 40286 32 40802 26 41314 26 41834 14 42346 14
110,39656 4 40168 4 40676 12 41188 12 41698 18 42210 18 42722 20 43234 20 43746 22 44258 22 44770 24 45282 24 45796 24 46308 24 46820 26 47332 26 47846 26 48358 26 48870 26 49382 26 49896 26 50408 26 50922 26 51434 26 51946 26 52458 26 52972 26 53484 26 53998 26 54510 26 55022 26 55534 26 56048 26 56560 26 57074 24 57586 24 58098 24 58610 24 59124 22 59636 22 60148 22 60660 22 61174 18 61686 18 62200 16 62712 16 63226 12 63738 12 64254 4 64766 4
111,216834 8 217346 8 217856 10 218368 10 218878 14 219390 14 219900 16 220412 16 220924 16 221436 16 221946 18 222458 18 222968 20 223480 20 223992 18 224504 18 225014 20 225526 20 226036 20 226548 20 227060 20 227572 20 228084 18 228596 18 229106 18 229618 18 230128 18 230640 18 231152 16 231664 16 232174 18 232686 18 233196 18 233708 18 234220 16 234732 16 235242 18 235754 18 236264 18 236776 18 237288 18 237800 18 238312 16 238824 16 239336 14 239848 14 240360 12 240872 12 241386 8 241898 8
112,116598 8 117110 8 117620 12 118132 12 118642 16 119154 16 119666 16 120178 16 120688 20 121200 20 121712 20 122224 20 122736 20 123248 20 123760 20 124272 20 124784 20 125296 20 125808 20 126320 20 126832 20 127344 20 127856 20 128368 20 128880 18 129392 18 129906 16 130418 16 130930 16 131442 16 131954 16 132466 16 132978 16 133490 16 134002 16 134514 16 135026 16 135538 16 136050 16 136562 16 137074 16 137586 16 138098 16 138610 16 139122 16 139634 16 140146 16 140658 16 141170 16 141682 16 142194 16 142706 16 143218 16 143730 16 144242 18 144754 18 145266 18 145778 18 146290 18 146802 18 147314 18 147826 18 148338 18 148850 18 149362 18 149874 18 150386 18 150898 18 151410 18 151922 18 152434 16 152946 16 153458 16 153970 16 154482 16 154994 16 155506 18 156018 18 156530 18 157042 18 157554 18 158066 18 158578 18 159090 18 159602 18 160114 18 160626 18 161138 18 161650 16 162162 16 162674 16 163186 16 163698 16 164210 16 164722 16 165234 16 165746 14 166258 14 166772 10 167284 10 167800 4 168312 4
113,
114,214728 6 215240 6 215750 10 216262 10 216772 14 217284 14 217794 18 218306 18 218816 22 219328 22 219840 22 220352 22 220864 24 221376 24 221888 24 222400 24 222912 26 223424 26 223936 26 224448 26 224962 24 225474 24 225986 26 226498 26 227012 24 227524 24 228036 26 228548 26 229062 24 229574 24 230088 22 230600 22 231114 22 231626 22 232138 22 232650 22 233164 22 233676 22 234188 22 234700 22 235214 20 235726 20 236238 20 236750 20 237264 18 237776 18 238288 18 238800 18 239314 16 239826 16 240340 12 240852 12 241366 8 241878 8
115,154432 4 154944 4 155454 8 155966 8 156476 10 156988 10 157500 10 158012 10 158524 10 159036 10 159548 8 160060 8 160570 10 161082 10 161594 8 162106 8 162618 6 163130 6 163642 4 164154 4
116,14870 10 15382 10 15892 14 16404 14 16914 16 17426 16 17938 18 18450 18 18962 18 19474 18 19986 20 20498 20 21010 20 21522 20 22034 22 22546 22 23058 22 23570 22 24084 20 24596 20 25108 20 25620 20 26134 20 26646 20 27158 20 27670 20 28184 18 28696 18 29208 18 29720 18 30232 20 30744 20 31258 18 31770 18 32282 18 32794 18 33308 16 33820 16 34332 18 34844 18 35356 18 35868 18 36380 18 36892 18 37404 20 37916 20 38430 18 38942 18 39454 18 39966 18 40478 18 40990 18 41504 16 42016 16 42528 16 43040 16 43554 14 44066 14 44580 10 45092 10
117,55168 8 55680 8 56184 24 56696 24 57196 38 57708 38 58208 52 58720 52 59218 66 59730 66 60238 70 60750 70 61258 74 61770 74 62278 78 62790 78 63300 78 63812 78 64324 76 64836 76 65346 76 65858 76 66370 74 66882 74 67394 70 67906 70 68418 60 68930 60 69444 44 69956 44 70470 34 70982 34 71500 16 72012 16
118,21150 10 21662 10 22172 14 22684 14 23196 16 23708 16 24218 20 24730 20 25242 20 25754 20 26266 22 26778 22 27292 20 27804 20 28316 22 28828 22 29342 20 29854 20 30368 20 30880 20 31394 18 31906 18 32422 16 32934 16 33448 16 33960 16 34476 14 34988 14 35502 14 36014 14 36528 14 37040 14 37554 12 38066 12 38582 8 39094 8 39608 8 40120 8
119,163466 10 163978 10 164488 16 165000 16 165512 18 166024 18 166536 20 167048 20 167562 20 168074 20 168586 22 169098 22 169612 22 170124 22 170638 22 171150 22 171664 22 172176 22 172690 22 173202 22 173714 24 174226 24 174740 24 175252 24 175766 24 176278 24 176792 24 177304 24 177818 22 178330 22 178846 20 179358 20 179872 18 180384 18 180898 18 181410 18 181924 16 182436 16 182952 10 183464 10
120,119700 8 120212 8 120718 18 121230 18 121738 24 122250 24 122756 32 123268 32 123776 36 124288 36 124796 40 125308 40 125814 44 126326 44 126834 48 127346 48 127852 52 128364 52 128874 52 129386 52 129894 54 130406 54 130916 54 131428 54 131938 52 132450 52 132960 52 133472 52 133984 50 134496 50 135010 46 135522 46 136034 40 136546 40 137062 22 137574 22 138090 10 138602 10
121,225162 10 225674 10 226182 20 226694 20 227204 26 227716 26 228228 32 228740 32 229250 40 229762 40 230274 52 230786 52 231300 60 231812 60 232324 68 232836 68 233348 76 233860 76 234374 82 234886 82 235400 84 235912 84 236426 86 236938 86 237456 82 237968 82 238486 78 238998 78 239520 68 240032 68 240552 62 241064 62 241582 56 242094 56 242612 50 243124 50 243646 38 244158 38 244678 30 245190 30 245710 18 246222 18 246744 6 247256 6
122,57974 6 58486 6 58994 14 59506 14 60016 18 60528 18 61038 22 61550 22 62060 24 62572 24 63082 26 63594 26 64106 26 64618 26 65128 28 65640 28 66150 30 66662 30 67172 32 67684 32 68196 32 68708 32 69218 32 69730 32 70240 32 70752 32 71264 32 71776 32 72286 32 72798 32 73308 32 73820 32 74332 32 74844 32 75354 32 75866 32 76376 32 76888 32 77400 32 77912 32 78422 32 78934 32 79444 32 79956 32 80468 30 80980 30 81490 30 82002 30 82514 28 83026 28 83536 28 84048 28 84558 28 85070 28 85582 26 86094 26 86604 28 87116 28 87628 26 88140 26 88652 24 89164 24 89674 26 90186 26 90698 24 91210 24 91724 20 92236 20 92748 20 93260 20 93774 14 94286 14 94800 10 95312 10
123,
124,14038 10 14550 10 15058 14 15570 14 16080 18 16592 18 17100 22 17612 22 18122 24 18634 24 19144 26 19656 26 20164 28 20676 28 21186 28 21698 28 22206 30 22718 30 23226 32 23738 32 24246 34 24758 34 25268 32 25780 32 26288 34 26800 34 27308 34 27820 34 28328 34 28840 34 29350 30 29862 30 30372 30 30884 30 31392 30 31904 30 32414 28 32926 28 33436 26 33948 26 34460 22 34972 22 35482 20 35994 20 36506 18 37018 18 37528 16 38040 16 38552 10 39064 10 39578 2 40090 2
125,95888 6 96400 6 96908 12 97420 12 97930 18 98442 18 98954 18 99466 18 99978 20 100490 20 101000 22 101512 22 102024 24 102536 24 103050 22 103562 22 104074 24 104586 24 105098 24 105610 24 106124 24 106636 24 107148 24 107660 24 108174 24 108686 24 109198 24 109710 24 110224 24 110736 24 111248 24 111760 24 112274 24 112786 24 113298 24 113810 24 114324 24 114836 24 115348 24 115860 24 116372 24 116884 24 117398 22 117910 22 118422 24 118934 24 119448 22 119960 22 120472 20 120984 20 121498 18 122010 18 122524 14 123036 14 123550 10 124062 10
126,90008 2 90520 2 91028 10 91540 10 92052 10 92564 10 93076 12 93588 12 94098 14 94610 14 95124 14 95636 14 96148 14 96660 14 97172 14 97684 14 98196 16 98708 16 99220 16 99732 16 100246 14 100758 14 101270 16 101782 16 102294 16 102806 16 103320 14 103832 14 104344 14 104856 14 105368 14 105880 14 106394 12 106906 12 107418 14 107930 14 108444 10 108956 10 109468 10 109980 10 110494 8 111006 8
127,128608 2 129120 2 129628 10 130140 10 130650 14 131162 14 131672 16 132184 16 132696 18 133208 18 133718 20 134230 20 134742 22 135254 22 135766 22 136278 22 136792 20 137304 20 137816 20 138328 20 138840 22 139352 22 139864 22 140376 22 140890 20 141402 20 141914 22 142426 22 142938 22 143450 22 143962 22 144474 22 144988 20 145500 20 146012 22 146524 22 147036 22 147548 22 148060 22 148572 22 149086 22 149598 22 150110 22 150622 22 151136 20 151648 20 152160 22 152672 22 153184 22 153696 22 154210 20 154722 20 155234 22 155746 22 156258 22 156770 22 157284 20 157796 20 158308 20 158820 20 159332 22 159844 22 160358 20 160870 20 161382 20 161894 20 162406 22 162918 22 163432 20 163944 20 164456 20 164968 20 165482 20 165994 20 166506 20 167018 20 167530 20 168042 20 168554 22 169066 22 169580 20 170092 20 170604 20 171116 20 171628 22 172140 22 172654 20 173166 20 173678 22 174190 22 174702 22 175214 22 175728 22 176240 22 176752 22 177264 22 177776 24 178288 24 178802 22 179314 22 179826 22 180338 22 180850 24 181362 24 181874 24 182386 24 182898 26 183410 26 183924 24 184436 24 184950 22 185462 22 185974 20 186486 20 187002 14 187514 14 188030 2 188542 2
128,35634 2 36146 2 36656 4 37168 4 37678 6 38190 6 38700 8 39212 8 39724 6 40236 6 40746 6 41258 6
129,
130,205488 16 206000 16 206496 36 207008 36 207516 40 208028 40 208538 44 209050 44 209560 44 210072 44 210584 44 211096 44 211608 40 212120 40 212634 34 213146 34 213660 24 214172 24
131,
132,
133,155424 4 155936 4 156440 16 156952 16 157456 26 157968 26 158476 32 158988 32 159496 34 160008 34 160518 36 161030 36 161542 34 162054 34 162566 32 163078 32 163590 28 164102 28 164616 22 165128 22 165642 14 166154 14
134,
135,112254 2 112766 2 113272 12 113784 12 114296 16 114808 16 115318 20 115830 20 116340 24 116852 24 117364 24 117876 24 118386 26 118898 26 119410 26 119922 26 120434 26 120946 26 121456 28 121968 28 122480 28 122992 28 123504 28 124016 28 124526 30 125038 30 125550 28 126062 28 126572 30 127084 30 127596 28 128108 28 128618 30 129130 30 129642 28 130154 28 130664 30 131176 30 131686 30 132198 30 132710 30 133222 30 133732 32 134244 32 134756 30 135268 30 135778 32 136290 32 136802 30 137314 30 137824 32 138336 32 138848 32 139360 32 139870 32 140382 32 140894 32 141406 32 141916 32 142428 32 142940 32 143452 32 143962 32 144474 32 144986 32 145498 32 146010 30 146522 30 147032 32 147544 32 148056 30 148568 30 149080 30 149592 30 150104 28 150616 28 151130 24 151642 24 152154 22 152666 22 153180 18 153692 18 154206 14 154718 14
136,16322 4 16834 4 17342 12 17854 12 18364 16 18876 16 19386 18 19898 18 20408 22 20920 22 21430 24 21942 24 22452 24 22964 24 23474 26 23986 26 24496 28 25008 28 25520 26 26032 26 26542 26 27054 26 27564 26 28076 26 28586 26 29098 26 29608 26 30120 26 30630 26 31142 26 31652 26 32164 26 32674 28 33186 28 33696 28 34208 28 34718 28 35230 28 35740 28 36252 28 36762 28 37274 28 37784 28 38296 28 38806 30 39318 30 39828 30 40340 30 40850 30 41362 30 41872 30 42384 30 42894 30 43406 30 43916 30 44428 30 44938 30 45450 30 45960 30 46472 30 46982 30 47494 30 48004 30 48516 30 49026 30 49538 30 50048 30 50560 30 51070 28 51582 28 52092 28 52604 28 53112 30 53624 30 54134 32 54646 32 55156 32 55668 32 56178 32 56690 32 57200 32 57712 32 58222 32 58734 32 59244 32 59756 32 60266 32 60778 32 61290 30 61802 30 62312 30 62824 30 63336 28 63848 28 64360 26 64872 26 65384 24 65896 24 66408 22 66920 22 67434 18 67946 18 68462 12 68974 12
137,165522 8 166034 8 166542 16 167054 16 167566 18 168078 18 168588 22 169100 22 169612 24 170124 24 170636 28 171148 28 171660 30 172172 30 172684 32 173196 32 173708 34 174220 34 174734 36 175246 36 175760 36 176272 36 176784 38 177296 38 177812 38 178324 38 178838 38 179350 38 179864 40 180376 40 180892 40 181404 40 181918 40 182430 40 182946 40 183458 40 183972 42 184484 42 185000 40 185512 40 186026 40 186538 40 187052 40 187564 40 188080 38 188592 38 189106 38 189618 38 190132 38 190644 38 191160 34 191672 34 192186 32 192698 32 193212 30 193724 30 194240 26 194752 26 195266 22 195778 22 196294 18 196806 18 197320 12 197832 12 198348 4 198860 4
138,206672 8 207184 8 207690 18 208202 18 208706 28 209218 28 209722 36 210234 36 210740 42 211252 42 211760 46 212272 46 212782 48 213294 48 213804 48 214316 48 214828 48 215340 48 215854 44 216366 44 216880 38 217392 38 217910 26 218422 26
139,135944 6 136456 6 136964 14 137476 14 137988 16 138500 16 139010 20 139522 20 140034 20 140546 20 141058 22 141570 22 142082 22 142594 22 143106 22 143618 22 144130 22 144642 22 145156 22 145668 22 146180 22 146692 22 147204 22 147716 22 148228 22 148740 22 149254 22 149766 22 150278 22 150790 22 151302 22 151814 22 152326 22 152838 22 153350 22 153862 22 154374 24 154886 24 155400 22 155912 22 156424 22 156936 22 157448 22 157960 22 158472 22 158984 22 159496 24 160008 24 160520 24 161032 24 161544 24 162056 24 162568 24 163080 24 163592 24 164104 24 164616 24 165128 24 165640 26 166152 26 166664 26 167176 26 167690 24 168202 24 168714 22 169226 22 169738 22 170250 22 170762 22 171274 22 171788 18 172300 18 172812 16 173324 16 173838 10 174350 10
140,140180 10 140692 10 141204 12 141716 12 142226 16 142738 16 143250 18 143762 18 144272 22 144784 22 145298 22 145810 22 146322 22 146834 22 147346 24 147858 24 148372 22 148884 22 149396 24 149908 24 150420 26 150932 26 151446 24 151958 24 152470 26 152982 26 153496 24 154008 24 154520 26 155032 26 155546 26 156058 26 156572 24 157084 24 157596 26 158108 26 158622 24 159134 24 159648 24 160160 24 160674 22 161186 22 161700 20 162212 20 162726 16 163238 16 163752 14 164264 14 164780 6 165292 6
141,29346 4 29858 4 30370 4 30882 4 31394 4 31906 4 32418 4 32930 4 33442 4 33954 4 34466 4 34978 4 35490 4 36002 4 36514 4 37026 4 37538 4 38050 4 38562 4 39074 4 39586 4 40098 4 40610 4 41122 4 41632 8 42144 8 42656 8 43168 8 43680 8 44192 8 44702 10 45214 10 45726 10 46238 10 46750 10 47262 10 47774 10 48286 10 48798 10 49310 10 49822 10 50334 10 50846 10 51358 10 51872 6 52384 6 52896 4 53408 4
142,206794 12 207306 12 207802 32 208314 32 208822 38 209334 38 209842 42 210354 42 210864 44 211376 44 211886 46 212398 46 212910 44 213422 44 213932 46 214444 46 214956 42 215468 42 215982 36 216494 36 217008 28 217520 28 218034 20 218546 20
143,97162 8 97674 8 98184 14 98696 14 99206 16 99718 16 100228 20 100740 20 101252 20 101764 20 102276 18 102788 18 103298 20 103810 20 104322 20 104834 20 105344 20 105856 20 106368 20 106880 20 107392 20 107904 20 108414 20 108926 20 109438 20 109950 20 110460 20 110972 20 111484 20 111996 20 112508 18 113020 18 113530 20 114042 20 114554 20 115066 20 115576 20 116088 20 116600 20 117112 20 117622 20 118134 20 118646 20 119158 20 119668 20 120180 20 120692 20 121204 20 121714 22 122226 22 122738 20 123250 20 123760 22 124272 22 124782 22 125294 22 125806 22 126318 22 126828 24 127340 24 127852 22 128364 22 128874 24 129386 24 129898 22 130410 22 130922 22 131434 22 131946 20 132458 20 132972 16 133484 16 133998 14 134510 14
144,
145,142104 14 142616 14 143124 20 143636 20 144144 24 144656 24 145162 32 145674 32 146178 40 146690 40 147196 46 147708 46 148212 54 148724 54 149230 60 149742 60 150246 66 150758 66 151264 72 151776 72 152280 78 152792 78 153302 78 153814 78 154322 78 154834 78 155344 76 155856 76 156366 74 156878 74 157390 68 157902 68 158412 64 158924 64 159436 56 159948 56 160460 50 160972 50 161486 42 161998 42 162510 36 163022 36 163536 28 164048 28 164562 22 165074 22 165588 14 166100 14
146,69452 2 69458 2 69964 2 69970 2 70398 92 70910 92 71416 100 71928 100 72438 104 72950 104 73460 106 73972 106 74484 106 74996 106 75508 108 76020 108 76532 106 77044 106 77558 102 78070 102 78586 96 79098 96 79614 60 79684 18 80126 60 80196 18
147,123720 8 124232 8 124740 14 125252 14 125762 16 126274 16 126782 22 127294 22 127804 24 128316 24 128826 28 129338 28 129850 28 130362 28 130872 30 131384 30 131894 32 132406 32 132916 34 133428 34 133940 34 134452 34 134962 34 135474 34 135984 36 136496 36 137006 36 137518 36 138028 36 138540 36 139052 36 139564 36 140074 36 140586 36 141096 36 141608 36 142118 38 142630 38 143140 38 143652 38 144162 38 144674 38 145184 38 145696 38 146206 38 146718 38 147228 38 147740 38 148252 38 148764 38 149274 38 149786 38 150298 36 150810 36 151322 36 151834 36 152346 34 152858 34 153370 32 153882 32 154396 28 154908 28 155420 28 155932 28 156446 24 156958 24 157472 20 157984 20 158496 18 159008 18 159524 12 160036 12 160552 6 161064 6
148,119632 8 120144 8 120654 10 121166 10 121676 14 122188 14 122698 16 123210 16 123722 16 124234 16 124744 18 125256 18 125768 18 126280 18 126790 20 127302 20 127814 20 128326 20 128836 22 129348 22 129860 22 130372 22 130882 24 131394 24 131906 22 132418 22 132930 22 133442 22 133952 24 134464 24 134974 24 135486 24 135998 24 136510 24 137020 26 137532 26 138044 24 138556 24 139068 24 139580 24 140090 24 140602 24 141114 24 141626 24 142136 24 142648 24 143160 24 143672 24 144182 24 144694 24 145204 26 145716 26 146228 26 146740 26 147250 26 147762 26 148274 26 148786 26 149296 26 149808 26 150320 26 150832 26 151344 26 151856 26 152368 24 152880 24 153390 26 153902 26 154414 24 154926 24 155438 24 155950 24 156464 20 156976 20 157490 16 158002 16 158516 12 159028 12
149,
150,82682 18 83194 18 83698 30 84210 30 84716 36 85228 36 85730 48 86242 48 86748 54 87260 54 87766 60 88278 60 88780 70 89292 70 89792 82 90304 82 90808 90 91320 90 91830 90 92342 90 92852 90 93364 90 93874 90 94386 90 94896 88 95408 88 95920 82 96432 82 96944 66 97456 66 97970 52 98482 52 98994 44 99506 44 100020 36 100532 36 101046 28 101558 28 102074 18 102586 18
151,
152,206600 6 207112 6 207622 12 208134 12 208646 14 209158 14 209670 18 210182 18 210696 16 211208 16 211720 18 212232 18 212744 20 213256 20 213770 18 214282 18 214794 20 215306 20 215820 20 216332 20 216844 20 217356 20 217870 20 218382 20 218896 18 219408 18 219922 16 220434 16 220948 16 221460 16 221974 14 222486 14 223000 14 223512 14 224026 14 224538 14 225052 12 225564 12 226078 12 226590 12 227104 12 227616 12 228130 10 228642 10 229154 12 229666 12 230180 10 230692 10 231204 12 231716 12 232230 10 232742 10 233256 8 233768 8 234280 8 234792 8
153,
154,
155,106316 6 106828 6 107336 14 107848 14 108360 18 108872 18 109384 20 109896 20 110412 20 110462 26 110924 20 110974 26 111440 20 111480 40 111952 20 111992 40 112474 84 112986 84 113512 78 114024 78 114542 78 115054 78 115572 74 116084 74 116598 74 117110 74 117624 72 118136 72 118650 72 119162 72 119678 66 120190 66 120708 60 121220 60 121740 50 122252 50 122786 26 123298 26
156,
157,61218 2 61730 2 62242 2 62754 2 66338 4 66850 4 67362 2 67874 2
158,32570 8 33082 8 33592 12 34104 12 34616 16 35128 16 35638 18 36150 18 36662 20 37174 20 37686 22 38198 22 38710 24 39222 24 39736 22 40248 22 40760 24 41272 24 41784 24 42296 24 42808 26 43320 26 43834 26 44346 26 44858 26 45370 26 45884 26 46396 26 46908 26 47420 26 47932 28 48444 28 48958 26 49470 26 49982 28 50494 28 51008 26 51520 26 52032 26 52544 26 53056 28 53568 28 54082 28 54594 28 55106 28 55618 28 56132 26 56644 26 57156 28 57668 28 58180 28 58692 28 59206 26 59718 26 60230 24 60742 24 61256 22 61768 22 62282 20 62794 20 63308 16 63820 16 64334 12 64846 12
159,167822 10 168334 10 168842 16 169354 16 169864 20 170376 20 170886 24 171398 24 171908 26 172420 26 172930 28 173442 28 173952 30 174464 30 174974 30 175486 30 175996 30 176508 30 177018 32 177530 32 178040 32 178552 32 179064 32 179576 32 180086 32 180598 32 181108 32 181620 32 182130 32 182642 32 183152 32 183664 32 184176 32 184688 32 185198 32 185710 32 186220 32 186732 32 187244 32 187756 32 188266 32 188778 32 189290 30 189802 30 190314 30 190826 30 191338 28 191850 28 192362 28 192874 28 193388 24 193900 24 194416 18 194928 18 195444 10 195956 10
160,124610 4 125122 4 125632 10 126144 10 126654 16 127166 16 127678 16 128190 16 128702 18 129214 18 129726 20 130238 20 130750 20 131262 20 131776 20 132288 20 132802 20 133314 20 133826 22 134338 22 134852 20 135364 20 135878 20 136390 20 136902 22 137414 22 137928 22 138440 22 138956 18 139468 18 139980 20 140492 20 141006 20 141518 20 142032 18 142544 18 143060 16 143572 16 144084 16 144596 16 145112 14 145624 14 146138 12 146650 12 147164 8 147676 8 148190 6 148702 6
161,85864 6 86376 6 86884 12 87396 12 87906 14 88418 14 88928 16 89440 16 89950 18 90462 18 90974 18 91486 18 91996 20 92508 20 93020 20 93532 20 94042 22 94554 22 95066 20 95578 20 96088 22 96600 22 97112 22 97624 22 98136 20 98648 20 99158 22 99670 22 100182 20 100694 20 101204 22 101716 22 102228 22 102740 22 103250 24 103762 24 104274 24 104786 24 105298 22 105810 22 106320 24 106832 24 107344 24 107856 24 108366 24 108878 24 109390 24 109902 24 110414 24 110926 24 111438 24 111950 24 112462 24 112974 24 113486 22 113998 22 114512 18 115024 18 115536 18 116048 18 116562 14 117074 14 117588 8 118100 8
162,
163,103984 4 104496 4 105004 12 105516 12 106028 14 106540 14 107050 18 107562 18 108076 20 108588 20 109100 20 109612 20 110124 22 110636 22 111150 22 111662 22 112176 22 112688 22 113202 22 113714 22 114228 22 114740 22 115254 22 115766 22 116280 22 116792 22 117306 20 117818 20 118332 20 118844 20 119360 16 119872 16 120386 14 120898 14 121414 10 121926 10 122440 6 122952 6
164,106084 10 106596 10 107106 16 107618 16 108128 20 108640 20 109150 26 109662 26 110174 28 110686 28 111196 32 111708 32 112220 34 112732 34 113244 36 113756 36 114270 38 114782 38 115294 40 115806 40 116320 40 116832 40 117344 44 117856 44 118370 44 118882 44 119398 44 119910 44 120424 46 120936 46 121450 46 121962 46 122476 48 122988 48 123502 48 124014 48 124528 50 125040 50 125556 48 126068 48 126582 50 127094 50 127608 50 128120 50 128636 48 129148 48 129662 50 130174 50 130690 50 131202 50 131716 52 132228 52 132742 52 133254 52 133770 52 134282 52 134796 54 135308 54 135822 54 136334 54 136848 54 137360 54 137876 52 138388 52 138902 52 139414 52 139928 52 140440 52 140956 48 141468 48 141982 48 142494 48 143008 44 143520 44 144036 40 144548 40 145062 38 145574 38 146088 36 146600 36 147116 30 147628 30 148142 26 148654 26 149168 24 149680 24 150196 18 150708 18 151224 10 151736 10
165,
166,5772 4 6284 4 6794 10 7306 10 7816 14 8328 14 8838 18 9350 18 9862 18 10374 18 10886 18 11398 18 11910 20 12422 20 12936 18 13448 18 13960 20 14472 20 14984 20 15496 20 16010 20 16522 20 17034 20 17546 20 18060 18 18572 18 19084 20 19596 20 20108 20 20620 20 21134 18 21646 18 22158 20 22670 20 23184 18 23696 18 24208 16 24720 16 25232 16 25744 16 26258 12 26770 12 27284 8 27796 8
167,
168,105026 10 105538 10 106048 14 106560 14 107070 20 107582 20 108094 24 108606 24 109116 28 109628 28 110140 30 110652 30 111166 32 111678 32 112190 34 112702 34 113216 34 113728 34 114242 34 114754 34 115268 36 115780 36 116294 36 116806 36 117320 36 117832 36 118346 38 118858 38 119372 36 119884 36 120400 34 120912 34 121426 34 121938 34 122452 32 122964 32 123478 30 123990 30 124506 26 125018 26 125532 24 126044 24 126558 20 127070 20 127586 14 128098 14 128614 8 129126 8
169,135924 2 136436 2 136944 10 137456 10 137966 14 138478 14 138988 16 139500 16 140010 18 140522 18 141032 20 141544 20 142054 22 142566 22 143078 20 143590 20 144100 22 144612 22 145124 20 145636 20 146146 22 146658 22 147170 20 147682 20 148192 20 148704 20 149214 22 149726 22 150238 20 150750 20 151260 20 151772 20 152284 20 152796 20 153306 20 153818 20 154330 20 154842 20 155352 20 155864 20 156376 20 156888 20 157398 20 157910 20 158420 20 158932 20 159444 20 159956 20 160466 22 160978 22 161490 20 162002 20 162512 22 163024 22 163534 22 164046 22 164558 22 165070 22 165582 20 166094 20 166606 20 167118 20 167630 18 168142 18 168654 18 169166 18 169678 16 170190 16 170704 12 171216 12 171730 8 172242 8
170,
171,95962 8 96474 8 96982 16 97494 16 98004 20 98516 20 99026 22 99538 22 100050 22 100562 22 101072 24 101584 24 102094 24 102606 24 103118 24 103630 24 104140 24 104652 24 105164 24 105676 24 106188 22 106700 22 107210 24 107722 24 108234 22 108746 22 109258 22 109770 22 110280 22 110792 22 111304 22 111816 22 112328 20 112840 20 113350 22 113862 22 114372 22 114884 22 115396 22 115908 22 116420 20 116932 20 117442 22 117954 22 118466 20 118978 20 119488 22 120000 22 120512 22 121024 22 121534 24 122046 24 122558 22 123070 22 123580 24 124092 24 124604 22 125116 22 125628 22 126140 22 126650 22 127162 22 127674 22 128186 22 128698 20 129210 20 129722 20 130234 20 130744 20 131256 20 131768 18 132280 18 132792 16 133304 16 133816 14 134328 14 134838 12 135350 12 135864 6 136376 6
172,180018 8 180530 8 181038 14 181550 14 182058 20 182570 20 183080 22 183592 22 184102 24 184614 24 185124 26 185636 26 186146 28 186658 28 187166 30 187678 30 188188 32 188700 32 189210 32 189722 32 190232 32 190744 32 191254 34 191766 34 192276 34 192788 34 193298 34 193810 34 194320 34 194832 34 195342 34 195854 34 196364 34 196876 34 197386 34 197898 34 198408 32 198920 32 199428 34 199940 34 200448 36 200960 36 201470 36 201982 36 202490 36 203002 36 203512 36 204024 36 204534 36 205046 36 205556 36 206068 36 206578 34 207090 34 207600 36 208112 36 208622 36 209134 36 209644 36 210156 36 210666 36 211178 36 211686 38 212198 38 212708 38 213220 38 213728 40 214240 40 214750 38 215262 38 215772 38 216284 38 216794 38 217306 38 217816 36 218328 36 218838 36 219350 36 219860 36 220372 36 220882 36 221394 36 221904 36 222416 36 222926 36 223438 36 223946 38 224458 38 224968 36 225480 36 225990 38 226502 38 227012 38 227524 38 228034 38 228546 38 229056 38 229568 38 230078 38 230590 38 231100 38 231612 38 232124 36 232636 36 233148 34 233660 34 234172 32 234684 32 235196 30 235708 30 236220 28 236732 28 237246 24 237758 24 238270 20 238782 20 239298 14 239810 14 240324 10 240836 10
173,70594 4 71106 4 71616 8 72128 8 72638 14 73150 14 73660 16 74172 16 74682 20 75194 20 75704 22 76216 22 76726 24 77238 24 77750 24 78262 24 78772 26 79284 26 79794 26 80306 26 80818 26 81330 26 81840 26 82352 26 82862 28 83374 28 83884 28 84396 28 84908 26 85420 26 85930 28 86442 28 86952 28 87464 28 87974 28 88486 28 88998 28 89510 28 90020 28 90532 28 91044 28 91556 28 92066 28 92578 28 93090 26 93602 26 94114 24 94626 24 95138 22 95650 22 96164 18 96676 18 97190 14 97702 14 98218 6 98730 6
174,
175,44658 10 45170 10 45680 14 46192 14 46702 18 47214 18 47728 18 48240 18 48752 18 49264 18 49776 20 50288 20 50800 22 51312 22 51826 22 52338 22 52850 24 53362 24 53876 24 54388 24 54900 24 55412 24 55926 22 56438 22 56952 22 57464 22 57978 18 58490 18 59004 16 59516 16 60032 8 60544 8
176,19256 10 19768 10 20278 16 20790 16 21300 20 21812 20 22324 22 22836 22 23348 26 23860 26 24372 30 24884 30 25396 34 25908 34 26420 38 26932 38 27444 42 27956 42 28470 44 28982 44 29494 48 30006 48 30522 48 31034 48 31548 50 32060 50 32576 50 33088 50 33602 54 34114 54 34632 52 35144 52 35660 54 36172 54 36686 56 37198 56 37714 54 38226 54 38742 54 39254 54 39768 54 40280 54 40796 52 41308 52 41822 50 42334 50 42850 46 43362 46 43878 42 44390 42 44906 38 45418 38 45936 32 46448 32 46964 26 47476 26 47996 16 48508 16 49030 2 49542 2
177,69270 10 69782 10 70292 14 70804 14 71312 20 71824 20 72334 22 72846 22 73354 28 73866 28 74374 32 74886 32 75396 36 75908 36 76416 40 76928 40 77436 44 77948 44 78458 44 78970 44 79480 44 79992 44 80504 42 81016 42 81526 42 82038 42 82550 40 83062 40 83574 36 84086 36 84600 32 85112 32 85626 28 86138 28 86652 22 87164 22 87678 16 88190 16 88706 8 89218 8
178,82768 6 83280 6 83792 12 84304 12 84816 16 85328 16 85842 20 86354 20 86870 16 87382 16 87898 14 88410 14 88930 8 89442 8 89962 2 90474 2
179,186966 4 187478 4 187986 10 188498 10 189010 12 189522 12 190034 14 190546 14 191058 16 191570 16 192084 16 192596 16 193110 14 193622 14 194136 12 194648 12 195164 6 195676 6
180,24300 2 24812 2 25322 6 25834 6 26344 8 26856 8 27350 4 27362 14 27862 4 27874 14 28366 34 28878 34 29388 34 29900 34 30410 34 30922 34 31432 34 31944 34 32456 30 32968 30 33480 28 33992 28 34506 24 35018 24 35532 20 36044 20 36558 14 37070 14 37586 6 38098 6
181,
182,202712 10 203224 10 203724 26 204236 26 204736 40 205248 40 205754 44 206266 44 206776 46 207288 46 207798 46 208310 46 208822 42 209334 42 209846 38 210358 38 210870 36 211382 36 211894 30 212406 30 212920 24 213432 24 213948 14 214460 14
183,113454 14 113966 14 114476 22 114988 22 115498 32 116010 32 116520 50 117032 50 117544 66 118056 66 118570 68 119082 68 119594 70 120106 70 120620 72 121132 72 121646 72 122158 72 122672 70 123184 70 123700 66 124212 66 124734 56 125246 56 125766 48 126278 48 126800 36 127312 36 127830 28 128342 28 128862 16 129374 16
184,
185,217852 56 218364 56 218864 72 219376 72 219870 90 220382 90 220886 100 221398 100 221908 102 222420 102 222930 104 223442 104 223954 104 224466 104 224978 104 225490 104 226002 102 226514 102 227026 102 227538 102 228050 60 228124 24 228562 60 228636 24 229076 52 229588 52 230100 46 230612 46 231128 36 231640 36 232156 26 232668 26 233186 2 233194 2 233698 2 233706 2
186,170832 6 171344 6 171852 12 172364 12 172874 14 173386 14 173898 16 174410 16 174920 18 175432 18 175944 18 176456 18 176968 18 177480 18 177990 20 178502 20 179014 18 179526 18 180038 18 180550 18 181062 18 181574 18 182086 18 182598 18 183110 18 183622 18 184132 20 184644 20 185156 20 185668 20 186180 20 186692 20 187204 20 187716 20 188228 20 188740 20 189250 22 189762 22 190274 20 190786 20 191298 20 191810 20 192322 20 192834 20 193346 20 193858 20 194370 20 194882 20 195394 20 195906 20 196418 18 196930 18 197442 18 197954 18 198466 18 198978 18 199490 16 200002 16 200514 16 201026 16 201540 12 202052 12 202566 8 203078 8
187,125642 10 126154 10 126662 16 127174 16 127684 20 128196 20 128706 22 129218 22 129728 24 130240 24 130750 26 131262 26 131772 26 132284 26 132794 28 133306 28 133816 28 134328 28 134838 30 135350 30 135860 30 136372 30 136882 30 137394 30 137904 32 138416 32 138926 32 139438 32 139948 32 140460 32 140970 32 141482 32 141994 32 142506 32 143016 32 143528 32 144038 32 144550 32 145060 32 145572 32 146082 34 146594 34 147104 34 147616 34 148126 34 148638 34 149148 34 149660 34 150170 34 150682 34 151192 34 151704 34 152216 30 152728 30 153238 30 153750 30 154260 30 154772 30 155284 28 155796 28 156308 26 156820 26 157334 22 157846 22 158358 20 158870 20 159384 14 159896 14 160412 8 160924 8
188,21396 8 21908 8 22416 14 22928 14 23438 18 23950 18 24460 22 24972 22 25482 24 25994 24 26504 28 27016 28 27526 30 28038 30 28550 30 29062 30 29572 34 30084 34 30594 36 31106 36 31618 36 32130 36 32640 36 33152 36 33662 38 34174 38 34684 40 35196 40 35706 40 36218 40 36728 40 37240 40 37750 40 38262 40 38772 40 39284 40 39794 40 40306 40 40816 40 41328 40 41838 40 42350 40 42860 40 43372 40 43882 40 44394 40 44906 38 45418 38 45928 36 46440 36 46950 38 47462 38 47974 36 48486 36 48996 36 49508 36 50020 34 50532 34 51042 34 51554 34 52068 30 52580 30 53094 26 53606 26 54120 22 54632 22 55146 18 55658 18 56176 8 56688 8
189,123606 2 124118 2 124626 10 125138 10 125648 14 126160 14 126670 16 127182 16 127694 18 128206 18 128716 20 129228 20 129742 18 130254 18 130766 20 131278 20 131790 20 132302 20 132814 22 133326 22 133838 22 134350 22 134862 22 135374 22 135888 22 136400 22 136912 22 137424 22 137938 20 138450 20 138962 20 139474 20 139988 18 140500 18 141012 20 141524 20 142038 18 142550 18 143062 18 143574 18 144086 18 144598 18 145112 16 145624 16 146138 14 146650 14 147162 14 147674 14 148188 10 148700 10 149216 4 149728 4
190,24246 4 24758 4 25266 12 25778 12 26288 18 26800 18 27310 22 27822 22 28334 24 28846 24 29358 26 29870 26 30382 28 30894 28 31406 28 31918 28 32432 28 32944 28 33456 30 33968 30 34482 30 34994 30 35508 30 36020 30 36532 30 37044 30 37558 30 38070 30 38584 30 39096 30 39610 28 40122 28 40636 28 41148 28 41662 28 42174 28 42688 28 43200 28 43712 28 44224 28 44738 28 45250 28 45764 28 46276 28 46790 28 47302 28 47816 28 48328 28 48842 28 49354 28 49866 30 50378 30 50892 30 51404 30 51918 30 52430 30 52944 30 53456 30 53970 28 54482 28 54996 28 55508 28 56022 28 56534 28 57048 26 57560 26 58074 26 58586 26 59100 24 59612 24 60126 22 60638 22 61152 20 61664 20 62180 14 62692 14 63206 10 63718 10 64234 4 64746 4
191,
192,
193,153548 10 154060 10 154570 14 155082 14 155592 18 156104 18 156614 22 157126 22 157638 22 158150 22 158660 24 159172 24 159684 22 160196 22 160706 24 161218 24 161730 22 162242 22 162752 22 163264 22 163774 24 164286 24 164798 22 165310 22 165820 22 166332 22 166842 22 167354 22 167864 24 168376 24 168886 24 169398 24 169910 24 170422 24 170932 24 171444 24 171954 24 172466 24 172976 24 173488 24 174000 24 174512 24 175022 26 175534 26 176046 24 176558 24 177070 24 177582 24 178094 22 178606 22 179118 20 179630 20 180144 18 180656 18 181170 14 181682 14 182194 12 182706 12 183222 6 183734 6
194,17244 2 17756 2 18262 12 18774 12 19284 18 19796 18 20308 20 20820 20 21330 22 21842 22 22354 22 22866 22 23376 26 23888 26 24400 26 24912 26 25424 26 25936 26 26448 26 26960 26 27472 28 27984 28 28496 28 29008 28 29520 28 30032 28 30544 28 31056 28 31570 26 32082 26 32594 26 33106 26 33618 26 34130 26 34642 24 35154 24 35666 24 36178 24 36690 26 37202 26 37714 26 38226 26 38738 26 39250 26 39762 26 40274 26 40786 26 41298 26 41810 26 42322 26 42834 26 43346 26 43860 24 44372 24 44884 24 45396 24 45908 24 46420 24 46932 24 47444 24 47956 24 48468 24 48980 24 49492 24 50004 24 50516 24 51030 22 51542 22 52054 22 52566 22 53078 20 53590 20 54104 16 54616 16 55130 14 55642 14 56160 4 56672 4
195,119484 24 119996 24 120500 40 120546 6 121012 40 121058 6 121518 66 122030 66 122540 72 123052 72 123562 78 124074 78 124586 80 125098 80 125612 78 126124 78 126638 76 127150 76 127666 72 128178 72 128694 68 129206 68 129726 60 130238 60 130758 50 131270 50 131790 40 132302 40 132824 28 133336 28
196,
197,174862 10 175374 10 175882 24 176394 24 176902 40 177414 40 177926 52 178438 52 178950 58 179462 58 179974 62 180486 62 180998 64 181510 64 182024 62 182536 62 183052 58 183564 58 184078 54 184590 54 185106 48 185618 48 186138 34 186650 34
198,
199,197354 6 197866 6 198376 12 198888 12 199398 16 199910 16 200420 18 200932 18 201442 22 201954 22 202464 22 202976 22 203486 24 203998 24 204508 26 205020 26 205532 24 206044 24 206554 26 207066 26 207576 28 208088 28 208598 28 209110 28 209620 28 210132 28 210644 28 211156 28 211666 28 212178 28 212688 28 213200 28 213710 28 214222 28 214732 28 215244 28 215754 30 216266 30 216776 30 217288 30 217798 30 218310 30 218820 30 219332 30 219842 30 220354 30 220864 32 221376 32 221886 32 222398 32 222910 30 223422 30 223932 30 224444 30 224954 32 225466 32 225978 30 226490 30 227000 30 227512 30 228024 30 228536 30 229046 30 229558 30 230070 30 230582 30 231092 30 231604 30 232116 30 232628 30 233140 28 233652 28 234162 30 234674 30 235188 26 235700 26 236212 26 236724 26 237236 24 237748 24 238262 22 238774 22 239288 16 239800 16 240312 14 240824 14 241340 8 241852 8
